"Solcenter";"By (solcenter)";"Adresse (solcenter)"
"Fitness dk";" ";"Ro"
"Postfitness";"0929 København C";"KH. Postcenter"
"Solcenteret.dk";"1300 København K";"Borgergade 17 E"
"Fitness.dk";"1304 København K";"Adelgade 5-7"
"Fitness.dk";"1611 København V";"Hammerichsgade 5"
"Club Tan Vesterport";"1612 København V";"Ved Vesterport 4"
"Club Tan Enghavevej";"1674 København V";"Enghavevej 2, st."
"Club Tan Enghavevej";"1674 København V";"Enghavevej 2, st."
"Tropic Sun";"1800 Frederiksberg C";"Vesterbrogade 198"
"Tropic Sun";"1820 Frederiksberg C";"Frederiksberg Alle 50"
"Club Tan";"1850 Frederiksberg C";"Gammel Kongevej 93"
"Clubtan";"1974 Frederiksberg C";"Rosenørns Alle 6, st."
"Clubtan";"2000 Frederiksberg";"Peter Bangs Vej 91"
"Consol Solcenter";"2000 Frederiksberg";"Borups Alle 133"
"Consol Solcenter";"2000 Frederiksberg";"Finsensvej 20"
"Consol Solcenter";"2000 Frederiksberg";"Peter Bangs Vej"
"Fitness dk";"2000 Frederiksberg";"Falkoner Plads 1"
"Frederiksberg Sol";"2000 Frederiksberg";"Roskildevej 82"
"Meddo";"2000 Frederiksberg";"Godthåbsvej 66"
"Tropic Sun";"2000 Frederiksberg";"Bentzonsvej"
"Clubtan Østerbrogade";"2100 København Ø";"Østerbrogade 109 st. 1."
"Consol Solcenter";"2100 København Ø";"Strandboulevarden 36"
"Consol Solcenter";"2100 København Ø";"Århusgade 36"
"FITNESS DK A/S";"2100 København Ø";"Per Henrik Lings Allé 2, 6."
"FITNESS DK A/S";"2100 København Ø";"Per Henrik Lings Allé 2, 6."
"Fitness.dk";"2100 København Ø";"Nygårdsvej 5"
"Jasmin Wellness";"2100 København Ø";"Strandboulevarden 61"
"Sun-Up";"2100 København Ø";"Ndr. Frihavnsgade 79"
"Zen Sun Østerbro";"2100 København Ø";"Bryggervangen 22 kl. th."
"Clubtan";"2200 København N";"Tagensvej 39"
"Consul";"2200 København N";"Jagtvej 21"
"Sol & Wellness";"2200 København N";"Jagtvej 70"
"Beauty Tan";"2300 København S";"Reykjaviksgade 5"
"ClubTan";"2300 København S";"Serbiensgade 4"
"ClubTan";"2300 København S";"Østrigsgade 48"
"Clubtan";"2300 København S";"Amagerbrogade 8"
"Clubtan";"2300 København S";"Dovregade 2"
"Clubtan solcenter";"2300 København S";"Amagerbrogade 210 A"
"Consol Solcenter";"2300 København S";"Amagerbrogade 149"
"Consol Solcenter";"2300 København S";"Amagerbrogade 263"
"Consol Solcenter";"2300 København S";"Amagerbrogade 51"
"Consol Solcenter";"2300 København S";"Isafjordsgade 5"
"Fitness dk";"2300 København S";"Arne Jacobsens Allé 12 - butik 430"
"Fitness.dk";"2300 København S";"Amager Boulevard 70, 4 sal"
"Red Rock Sun";"2300 København S";"Amagerfælledvej 126, st."
"Sun-factory.dk";"2300 København S";"Kastrupvej"
"Sundby Sol og Wellness";"2300 København S";"Amagerbrogade 30"
"Tropic Sun";"2300 København S";"Strandlodsvej 49"
"Wellness World ApS";"2300 København S";"Kvanløsevænge 8"
"Sol & Wellness NV";"2400 København NV";"Tomsgårdsvej 67"
"Fitness.dk";"2450 København SV";"Scandiagade 15"
"Jasmin Solcenter";"2450 København SV";"Mozartsvej 23"
"SUN Breeze";"2450 København SV";"Borgbjergsvej 35"
"Solcentret";"2450 København SV";"Mozartsvej 23"
"Club Tan";"2500 Valby";"Toftegårds Allé 26"
"ClubTan Valby";"2500 Valby";"Toftegårds Alle 24"
"Consol Solcenter";"2500 Valby";"Vigerslevvej 270"
"Fitness dk";"2500 Valby";"Valby Torvegade 17"
"Tropic Sun";"2500 Valby";"Valby Langgade 86"
"Cut'n Beauty";"2600 Glostrup";"Diget 44-46"
"Fitness.dk";"2600 Glostrup";"Kærmindevej 6"
"Jasmin Solcenter";"2600 Glostrup";"Hovedvejen 106"
"Jasmin Solcenter";"2600 Glostrup";"Hovedvejen 125"
"Jasmin Wellness";"2600 Glostrup";"Hovedvejen 125"
"Jasmin Wellness";"2600 Glostrup";"Hovedvejen 136"
"Jasmin Welness";"2600 Glostrup";"Hovedvejen 126"
"Consol Solcenter";"2605 Brøndby";"Brøndbyøster Torv 64-66"
"Fitness World Brøndby";"2605 Brøndby";"Nygårds Plads 25"
"Consol Solcenter";"2610 Rødovre";"Rødovrevej 213"
"Jasmin Solcenter";"2610 Rødovre";"Rødovre Centrum 1P, 1. 155"
"Jasmin Solcenter";"2620 Albertslund";"Bytorvet 19"
"Jasmin Wellness";"2620 Albertslund";"Bytorvet 19"
"Vridsløselille sol";"2620 Albertslund";"Fængselsvej 39"
"Sunline v/Ronni Garner";"2630 Taastrup";"Taastrup Hovedgade 121, st. th"
"Tropic Sun";"2630 Taastrup";"Taastrup Hovedgade 104"
"Zen Sun Taastrup";"2630 Taastrup";"Taastrup Hovedgade 99 st. tv."
"Clubtan";"2635 Ishøj";"Ishøj Strandvej 74"
"Clubtan";"2640 Hedehusene";"Vesterkøb 40"
"Consol Solcenter";"2640 Hedehusene";"Vesterkøb 7"
"ClubTan Friheden";"2650 Hvidovre";"Strandmarksvej 20"
"Clubtan";"2650 Hvidovre";"Strandmarksvej 34"
"Consol Solcenter";"2650 Hvidovre";"Strandmarksvej 27"
"Jasmin Solcenter";"2650 Hvidovre";"Hvidovre Torv 1., 3"
"Jasmin Wellness";"2650 Hvidovre";"Hvidovre Torv 1-3"
"Jasmin Wellness";"2650 Hvidovre";"Sadelmagerporten 2"
"Meddo";"2650 Hvidovre";"Hvidovrevej 103b"
"Meddo";"2650 Hvidovre";"Hvidovrevej 57"
"SUN Breeze";"2650 Hvidovre";"Gl. Køge Landevej 263"
"Tropic Sun Hvidovre";"2650 Hvidovre";"Landlystvej 44"
"Club Tan";"2665 Vallensbæk Strand";"Vallensbæk Stationstorv 62"
"Club Tan";"2665 Vallensbæk Strand";"Vallensbæk Stationstorv 62"
"Tropic Sun";"2670 Greve";"Hundige Strandvej 195"
"Tropic Sun";"2670 Greve";"Håndværkervænget 21"
"Clubtan Solcenter";"2680 Solrød Strand";"Solrød Strandvej 85 - 87"
"Solcenter MEDDO Solrød";"2680 Solrød Strand";"Solrød Center 26"
"Beauty tan";"2690 Karlslunde";"Karlslunde Parkvej 13"
"Tropic Sun";"2690 Karlslunde";"Karlslunde Strandvej 48"
"Clubtan";"2700 Brønshøj";"Frederikssundsvej 127"
"Consol Solcenter";"2700 Brønshøj";"Fr. Sundsvej 192"
"CopenhagenTAN";"2700 Brønshøj";"Frederikssundsvej 229"
"Fitness World Husum";"2700 Brønshøj";"Frederikssundsvej 264"
"Tropic Sun";"2700 Brønshøj";"Frederikssundsvej 142"
"Consol Solcenter";"2720 Vanløse";"Hyltebjerg Allé 4"
"Tropic Sun";"2720 Vanløse";"Sallingvej 1"
"Consol Solcenter";"2730 Herlev";"Vindebyvej 57"
"Sun Station Herlev";"2730 Herlev";"Herlev Hovedgade 127"
"Clubtan Skovlunde";"2740 Skovlunde";"Bybjergvej 4"
"SUN Breeze";"2740 Skovlunde";"Bybuen 4"
"Solarie Ultra Tan Chilli";"2740 Skovlunde";"Lundebjerg 33"
"Clubtan Sol & Wellness";"2750 Ballerup";"Centrumgaden 21, st. 1"
"Consol Solcenter";"2750 Ballerup";"Baltorpvej 22"
"Jonstrup Solcenter";"2750 Ballerup";"Østerhøj Bygade 123A"
"Sun Station Ballerup";"2750 Ballerup";"Baltorpvej 9"
"Sun Station Hedeparken";"2750 Ballerup";"Hedeparken 7"
"ClubTan Måløv";"2760 Måløv";"Liljevangsvej 2"
"Clubtan Brønshøj";"2760 Måløv";"Frederikssundsvej 220"
"Servicekiosken Kukuret";"2765 Smørum";"Flodvej 75 C, Smørumnedre"
"Consol Solcenter";"2770 Kastrup";"Kastruplundgade 6"
"Kastrup Sol & Wellness";"2770 Kastrup";"Kastruplundsgade 27"
"Sunworld Solcenter I/S";"2770 Kastrup";"Kongelundsvej 295"
"Sunworld Solcenter I/S";"2770 Kastrup";"Tårnbyvej 51"
"Consol Solcenter";"2791 Dragør";"Kirkegade 137-139 F"
"Consol Solcenter";"2800 Kongens Lyngby";"Baunehøjvej 22"
"Luxus Sol";"2800 Kongens Lyngby";"Lundtofteparken 63 st."
"Meddo";"2800 Kongens Lyngby";"Bagsværdvej 93"
"Sunset Blvd.";"2800 Kongens Lyngby";"Jernbanevej 1"
"Club Tan";"2820 Gentofte";"Gentoftegade"
"Fitness World A/S";"2820 Gentofte";"Lyngbyvej 317 A"
"Fitness.dk";"2820 Gentofte";"Gentoftegade 35, 1 sal."
"Virum Solcenter";"2830 Virum";"Grønnevej 79"
"Jasmin Solcenter";"2840 Holte";"Øverødvej 9A"
"Jasmin Wellness";"2840 Holte";"Øverødvej 9A"
"SunStation";"2860 Søborg";"Søborg Hovedgade 195"
"Tropic Sun";"2860 Søborg";"Solnavej 69A"
"Clubtan Bagsværd";"2880 Bagsværd";"Bagsværd Hovedgade 116 K"
"Clubtan Sol & Wellness";"2880 Bagsværd";"Bagsværd Hovedgade 116"
"Tropic Sun";"2880 Bagsværd";"Bagsværd Hovedgade 135"
"Consol Solcenter";"2900 Hellerup";"Bernstorffsvej 140"
"Club Tan";"2960 Rungsted Kyst";"Hørsholm Midtpunkt"
"Form & Figur";"2970 Hørsholm";"Charistianshusvej 4 B"
"Jasmin Solcenter";"2970 Hørsholm";"Hovedgaden 37 B"
"Jasmin Solcenter";"2970 Hørsholm";"Hovedgaden 37B"
"Ådalsparkens Servicecenter";"2970 Hørsholm";"Ådalsparkvej 63"
"Beauty Tan";"3000 Helsingør";"Stengade 51 B"
"Consol Solcenter";"3000 Helsingør";"Kongevej 16"
"Fitness dk";"3000 Helsingør";"Rønnebær Allé 110"
"Klippegalleriet";"3000 Helsingør";"Stengade 26 D"
"Star Solcenter";"3000 Helsingør";"Esrumvej 37"
"Humlebæk Solcenter";"3050 Humlebæk";"Nederste Torpenvej"
"Comfort Solcenter";"3060 Espergærde";"Hovvej 28"
"Hornbæk Fitness ApS";"3100 Hornbæk";"Engholmvej 7"
"Hornbæk Sol";"3100 Hornbæk";"Nordre Strandvej 359"
"Meddo Solcenter";"3200 Helsinge";"Rundinsvej 2"
"OK Plus Skærød";"3200 Helsinge";"Industrivej 1"
"Consol Solcenter";"3230 Græsted";"Græsted Hovedgade 26"
"Consol Solcenter";"3250 Gilleleje";"Fiskerbakken 17"
"Consol Solcenter";"3250 Gilleleje";"Vesterbrogade 19"
"Gilleleje Fitness";"3250 Gilleleje";"Fiskerbakken 21"
"Sunpoint";"3300 Frederiksværk";"Torvet 25"
"Helge Nørgaard";"3310 Ølsted";"Jasminvej 8"
"Solcenter Solkrogen v/Lise Højager";"3320 Skævinge";"Krogvej 5"
"Sunpoint";"3390 Hundested";"Nørregade 34"
"Clubtan Hillerød sol og Wellness";"3400 Hillerød";"Vibekevej 2"
"Sun Box";"3400 Hillerød";"Tamsborgvej 19 A, st. tv."
"Tropic Sun Hillerød";"3400 Hillerød";"Frederiksværksgade 89"
"Jasmin Wellness";"3450 Allerød";"M. D. Madsensvej 12"
"Consol Solcenter";"3460 Birkerød";"Søndervangen 47"
"Beauty Tan Fredensborg";"3480 Fredensborg";"Jernbanegade 19"
"Meddo Solcenter";"3500 Værløse";"Kollekollevej 2"
"Farumsol";"3520 Farum";"Farumhovedgade 50 A"
"Lynge Solcenter";"3540 Lynge";"Lynghøjvej 8 B"
"Frederikssund Nye Møntvask og Solcenter";"3600 Frederikssund";"Ny Østergade 9"
"Jærgers Solcenter";"3630 Jægerspris";"Hovedgaden 35"
"Consol Solcenter";"3650 Ølstykke";"Niels Olsens Vej 4"
"Sport Helse Studio";"3650 Ølstykke";"Rådhus Alle 9"
"Sunpoint";"3650 Ølstykke";"Stationstorvet 4"
"Bofiltel";"3700 Rønne";"Åkirkebyvej 2"
"Bowlingcenter Rønne";"3700 Rønne";"Torneværksvej"
"Rønne Solcenter";"3700 Rønne";"Nørregade 7 B, 7"
"Sol'sikker";"3700 Rønne";"St. Torvegade 36"
"Neksø Solcenter";"3730 Nexø";"Havnegade 21"
"Solhuzed";"3730 Nexø";"K H Kofoeds Gade 17"
"Beauty Tan";"4000 Roskilde";"Allehelgensgade 15A"
"Clubtan";"4000 Roskilde";"Knud Den Stores Vej 35"
"Fitness.dk";"4000 Roskilde";"Ros Torv 1"
"Jasmin Solcenter";"4000 Roskilde";"Ringstedgade 31A"
"Jasmin Wellness";"4000 Roskilde";"Jernbanegade 7 A"
"Sunshine v/Bjarne Wimmer";"4000 Roskilde";"Ringstedgade 31 A"
"Clubtan Sol & Wellness Jyllinge";"4040 Jyllinge";"Jyllingecentret 39 C"
"Sunpoint";"4040 Jyllinge";"Osvej"
"Consol Solcenter";"4050 Skibby";"Hovedgaden 20"
"Megasun";"4070 Kirke Hyllinge";"Elverdamsvej 232"
"Clubtan Sol & Wellness";"4100 Ringsted";"Vestervej 2"
"Consol Solcenter";"4100 Ringsted";"Jyllandsgade 4"
"Kejsers Solcenter I/S";"4100 Ringsted";"Vestervej 2"
"Meddo";"4100 Ringsted";"Nørregade 9"
"Ringsted Solcenter";"4100 Ringsted";"Nørregade 40"
"Consol Solcenter";"4180 Sorø";"Alleen 29"
"SunHouse";"4180 Sorø";"Vestergade 8"
"Aktivt Velvære";"4200 Slagelse";"Rytterstaldsstræde 5-9-11"
"Beauty-Tan Slagelse IVS";"4200 Slagelse";"Løvegade 70"
"Club Tan";"4200 Slagelse";"Løvegade 3 A"
"Clubtan";"4200 Slagelse";"Korsørvej 59"
"Fitness.dk";"4200 Slagelse";"Skovvejen 48"
"Royal Tan Solcenter";"4200 Slagelse";"Bredegade"
"Slagelse Super Bowlingcenter A/S";"4200 Slagelse";"Bredegade 50-56"
"Sun Tan v/ Trine Darré";"4200 Slagelse";"Skovsøgade 7"
"Sunshine v/Gitte Wimmer";"4200 Slagelse";"Sdr. Stationsvej 17 A"
"Meddo";"4220 Korsør";"Mælkevej 8"
"Megasun/Korsør Sol";"4220 Korsør";"Havnegade 62"
"RB Solcenter I/S";"4230 Skælskør";"Carl Medingsvej 11A"
"sun2you";"4230 Skælskør";"Carl Medingsvej 11A"
"Vemmelev Tanken ApS";"4241 Vemmelev";"Akacievej 1"
"Sundahl Solcenter v/Annelise Olesen";"4250 Fuglebjerg";"Sorøvej 9"
"Sol og Velvære";"4270 Høng";"Hovedgaden 16"
"Meddo Dianalund";"4293 Dianalund";"Torvet 2"
"Stenlille Solcenter";"4295 Stenlille";"Hovedgaden 63"
"Clubtan";"4300 Holbæk";"Halvmånen 61"
"Clubtan";"4300 Holbæk";"Smedelundsgade 18"
"Consol Solcenter";"4300 Holbæk";"Labæk 17"
"Meddo";"4300 Holbæk";"Ahlgade 6"
"Osted Solcenter";"4320 Lejre";"Hovedvejen 162"
"Consol Solcenter";"4330 Hvalsø";"Holdækvej 2"
"Tølløse Sol og Beauty Center";"4340 Tølløse";"Vestergade 66"
"Tølløse Sol og Beauty Center";"4340 Tølløse";"Vestergade 66"
"Kalundborg Sol";"4400 Kalundborg";"Kordilgade 62"
"Clubtan Mørkøv";"4440 Mørkøv";"Hovedgaden 37"
"Clubtan Sol & Wellness";"4440 Mørkøv";"Hovedgaden 37"
"Open Sun";"4450 Jyderup";"Holbækvej 10 D"
"Center Sol";"4470 Svebølle";"Centret 4 A"
"Meddo";"4500 Nykøbing Sj";"Svanestræde 4"
"Fårevejle Solcenter & Beauty Angel";"4540 Fårevejle";"Adelers Alle 136A"
"Bellissimo Hudpleje Klinik";"4600 Køge";"Ølbycenter 65"
"Club Tan";"4600 Køge";"Marksvinget 1"
"Consol Solcenter";"4600 Køge";"Nørre Boulevard 24"
"Fitness.dk";"4600 Køge";"Galoche Alle 11"
"Meddo Køge";"4600 Køge";"Vestergade 20A"
"Solstrejfet ApS";"4600 Køge";"Køgevej 86"
"Sonsol Solcenter";"4600 Køge";"Nørregade 20"
"Faxe Solcenter";"4640 Faxe";"Kirketorvet 18"
"Meddo Faxe Ladeplads";"4654 Faxe Ladeplads";"Faxevej 12A"
"Meddo St. Heddinge";"4660 Store Heddinge";"Østergade 4"
"Solcentret Rengegade ApS";"4660 Store Heddinge";"Rengegade 12"
"Golden Tan ApS";"4671 Strøby";"Stevnsvej"
"TopTan Solcenter";"4684 Holmegaard";"Holmegaardsvej 68"
"Clubtan Haslev";"4690 Haslev";"Jernbanegade 83"
"Consol Solcenter";"4690 Haslev";"Torvet 3 B"
"LK Fitness";"4690 Haslev";"Houmanvej"
"Clubtan";"4700 Næstved";"Jernbanegade 5"
"Consol Solcenter";"4700 Næstved";"Kindhestegade 24"
"Helios 4700 ApS";"4700 Næstved";"Erantisvej 27A"
"Helios 4700 ApS";"4700 Næstved";"Nygårdsvej 66A 1."
"Helios 4700 ApS";"4700 Næstved";"Østergade 11"
"Mogenstrup Solcenter";"4700 Næstved";"Lovvej 1 D"
"SunTan Solcenter";"4700 Næstved";"Sct. Jørgens Park 40"
"Meddo Præstø";"4720 Præstø";"Adelgade 10"
"Byens Solcenter";"4760 Vordingborg";"Algade 6"
"Motionsklubben";"4760 Vordingborg";"Københavnsvej 29"
"Q-Sun";"4760 Vordingborg";"Nyråd Hovedgade 96"
"Vordingborg Solcenter & Beauty Angel";"4760 Vordingborg";"H.I. Hansensvej 7"
"Vordingborg Solcenter & Beauty Angel";"4760 Vordingborg";"Valdemarsgade 54"
"Beauty Tan Nykøbing Falster";"4800 Nykøbing F";"Vesterskovvej 27"
"Byens Solcenter";"4800 Nykøbing F";"Enighedsvej 53A 1. th."
"Byens Solcenter";"4800 Nykøbing F";"Gaabensevej 72B"
"Byens Solcenter";"4800 Nykøbing F";"Raadhusstræde 8"
"Byens Solcenter";"4800 Nykøbing F";"Tværgade 25"
"Club Tan Nykøbing Falster";"4800 Nykøbing F";"Nygade 8 st."
"Lenes Solcenter";"4873 Væggerløse";"Marielyst Strandvej 26c"
"Væggerløse Solcenter I/S";"4873 Væggerløse";"Asgaardsvej 14"
"FITNESSHOUSE ApS";"4900 Nakskov";"Vejlegadebro 11"
"Solcenter";"4900 Nakskov";"Tømmergade"
"Wing Tsun Do Center Nakskov I/S";"4900 Nakskov";"Løjtoftevej 22"
"Beauty Tan Maribo";"4930 Maribo";"Østre Landevej 46, st."
"Byens Solcenter";"4930 Maribo";"Østergade 40"
"Meddo Solcenter";"4930 Maribo";"Østre Landevej 46 st."
"Lalandia A/S";"4970 Rødby";"Lalandia Centret 1"
"Lalandia Rødby";"4970 Rødby";"Lalandia Centret 1"
"Solcenter";"4990 Sakskøbing";"Brogade 19"
"ClubTan";"5000 Odense C";"Søndergade 2"
"Consol Solcenter";"5000 Odense C";"Læssøegade"
"Fitness World Grønløkkevej";"5000 Odense C";"Grønløkkevej 9"
"Fitness.dk";"5000 Odense C";"Skibhusvej 52A"
"G&M Motioncenter";"5000 Odense C";"Næsbyvej 20"
"Golden Sun";"5000 Odense C";"Albanigade 33"
"Golden Sun";"5000 Odense C";"Søndergade 34"
"Insunlux";"5000 Odense C";"Damhusvej 31"
"Meddo";"5000 Odense C";"Reventlowsvej 53"
"Meddo";"5000 Odense C";"Skibhusvej 66-68"
"Sun Tan Solcenter";"5000 Odense C";"Vestergade"
"Bolbro Solcenter";"5200 Odense V";"Rollosvej 23"
"Seden Sol";"5200 Odense V";"Rollosvej 23"
"Sun-Tan Solcenter";"5200 Odense V";"Middelfartvej 123"
"Sunrise Solcenter";"5200 Odense V";"Schacksgade 38 st. mf."
"Meddo Korup";"5210 Odense NV";"Tyrsbjergvej"
"Sun Tan Solcenter";"5210 Odense NV";"Rugvang"
"Fitness.dk";"5220 Odense SØ";"Nyborgvej 34 1B"
"Fitness.dk";"5220 Odense SØ";"Ørbækvej 75"
"Fraugde Solcenter";"5220 Odense SØ";"Fraugde Byvej 15 C, Fraugde"
"Beauty Tan Odense Rødegårdsvej";"5230 Odense M";"Rødegårdsvej 182 B"
"Golden Sun";"5230 Odense M";"Hjallesevej 111"
"Seden Sol";"5240 Odense NØ";""
"Golden Sun";"5250 Odense SV";"Brogårdsvej 20 B"
"MEDDO Bellinge";"5250 Odense SV";"Brændekildevej 3"
"Tropic Sun";"5250 Odense SV";"Dalumvej 1C"
"Clubtan";"5260 Odense S";"Odensevej 18 B"
"Hjallese Solcenter";"5260 Odense S";"Stenløsevej 103"
"Meddo";"5260 Odense S";"Svendborgvej 319 A"
"Meddo Næsby/Odense";"5270 Odense N";"Bogensevej 66"
"Suvasol I/S";"5270 Odense N";"Høstlyngen 4"
"Exclusive Sun ApS";"5320 Agedrup";"Lunden 56"
"Meddo Solcenter";"5400 Bogense";"Vestergade 25"
"Fyzfit Spa & Wellness";"5450 Otterup";"Grusgyden 66"
"Meddo 360";"5450 Otterup";"Nørregade 1"
"Nordsol";"5471 Søndersø";"Nordmarksvænget"
"Sol-Nordfyn";"5471 Søndersø";"Snavevej 1"
"Særslev Sol";"5471 Søndersø";"Rasmus Nielsensvej 20, Særslev"
"Søndersø Solcenter";"5471 Søndersø";"Odensevej 46"
"Sundhedsklinikken";"5492 Vissenbjerg";"Vestergade 17"
"Meddo";"5500 Middelfart";"Østergade 35 A"
"Pluto Sol";"5500 Middelfart";"Hessgade 25"
"RAW Fitness ApS";"5500 Middelfart";"Falstersvej 11"
"Tropic Sun";"5500 Middelfart";"Brovejen 190"
"Ullerslev Solcenter";"5540 Ullerslev";"Svendborgvej 22"
"Consol Solcenter";"5550 Langeskov";"Jernbanegade 20"
"Golden Sun";"5550 Langeskov";"Langeskov Centret 20"
"Meddo Aarup";"5560 Aarup";"Søndergade 2"
"Nørre Aaby Solcenter";"5580 Nørre Aaby";"Østergade 2"
"Meddo";"5592 Ejby";"Algade 6"
"Meddo Solcenter";"5600 Faaborg";"Østergade 40 A"
"Linhardt Sol & Collagen v/Allan Linhardt Petersen";"5610 Assens";"Damgade 1"
"Meddo Assens";"5610 Assens";"Tobaksgården 5"
"Beauty Tan Glamsbjerg";"5620 Glamsbjerg";"Nørregade 12"
"Fremtidens Solcenter";"5672 Broby";"Østerågade 21"
"Fremtidens Solcenter";"5683 Haarby";"Algade 12"
"Fremtidens Solcenter";"5690 Tommerup";"Stationsvej 11"
"Consol Solcenter";"5700 Svendborg";"Tinghusgade 22"
"Fitness.dk";"5700 Svendborg";"Nyborgvej 4"
"Golden Sun";"5700 Svendborg";"Tinghusgade 33"
"Golden Sun";"5700 Svendborg";"Ørbækvej 3"
"Meddo";"5700 Svendborg";"Mølmarksvej 159"
"Meddo";"5700 Svendborg";"Mølmarksvej 159"
"Meddo Svendborg";"5700 Svendborg";"Møllergade 71 st."
"SOL 139";"5700 Svendborg";"Vestergade 139"
"SUNSTAR";"5700 Svendborg";"Bregningevej 39"
"Meddo Ringe";"5750 Ringe";"Jernbanegade 23 st."
"Meddo Kværndrup";"5772 Kværndrup";"Svendborgvej 1"
"Meddo";"5792 Årslev";"Overvejen 22"
"Nr. Lyndelse Solcenter";"5792 Årslev";"Albanivej  27 B 1"
"Fitness World Nyborg";"5800 Nyborg";"Frisengårdsvej 5 A"
"MEDDO 44 - Nyborg";"5800 Nyborg";"Vestervoldgade 33"
"Meddo Ørbæk";"5853 Ørbæk";"Spurvevej 11"
"Meddo";"5863 Ferritslev Fyn";"Ørbækvej 134"
"MEDDO 45 - Hasselager";"5874 Hesselager";"Højdevej 4"
"MEDDO 44 - Rudkøbing";"5900 Rudkøbing";"Østergade 4A"
"Solcenter";"5960 Marstal";"Kirkestræde 22, Marstal"
"Solcenter";"5970 Ærøskøbing";"Vestergade 72"
"BEAUTY TAN";"6000 Kolding";"Agtrupvej 99"
"Seest Solcenter";"6000 Kolding";"Lejrbjergvej 3, Seest"
"Seest Solcenter";"6000 Kolding";"Lerbjergvej 3"
"Solshoppen.dk";"6000 Kolding";"Centervej 5"
"Starsun";"6000 Kolding";"Låsbygade 111"
"Sun2You";"6000 Kolding";"Esbjergvej 18 A"
"Sun2You";"6000 Kolding";"Sydbanegade 1"
"SunOne";"6000 Kolding";"Låsbygade 4"
"Top Sun V/Jesper Fournais Jacobsen";"6000 Kolding";"Bramdrupvej 8, Bramdrupdam"
"Beauty Tan";"6040 Egtved";"Vestergade 7A"
"Meddo Egtved";"6040 Egtved";"Vestergade 7A"
"Meddo Solcenter Egtved";"6040 Egtved";"Vestergade 7 A"
"Almind Solcenter";"6051 Almind";"Sysselbjergvej 6"
"Meddo Christiansfeld";"6070 Christiansfeld";"Kongensgade 20"
"Sun2You";"6070 Christiansfeld";"Kongensgade 20, st. tv."
"Meddo Haderslev";"6100 Haderslev";"Nørregade 25 st. tv."
"Sun2you";"6100 Haderslev";"Gammelting 13, st. th."
"Consol Solcenter";"6200 Aabenraa";"Nørreport 2"
"Sun Zone Aabenraa";"6200 Aabenraa";"Skrænten 36, st. tv."
"Consol Solcenter";"6230 Rødekro";"Hærvejen 73"
"Sun Zone Rødekro";"6230 Rødekro";"Østergade 2"
"City Sol";"6240 Løgumkloster";"Markedsgade 18"
"Sun Zone Løgumkloster";"6240 Løgumkloster";"Storegade 5"
"Uno Sol";"6261 Bredebro";"Storegade 24"
"Sun Zone Tønder";"6270 Tønder";"Vestergade 61"
"Meddo Solcenter";"6300 Gråsten";"Sundsnæs 4A"
"Sydens Sol";"6310 Broager";"Storegade 7"
"Meddo Padborg";"6330 Padborg";"Bovvej 33A"
"Meddo Sol Kruså";"6340 Kruså";"Sønderborgvej 2"
"Miasun solcenter";"6360 Tinglev";"Hovedgaden 96"
"Miasun solcenter";"6360 Tinglev";"Hovedgaden 96"
"Drømmesol Solarium";"6372 Bylderup-Bov";"Ledemark 30"
"ClubTan Sønderborg";"6400 Sønderborg";"Jernbanegade 37"
"Meddo Sønderborg";"6400 Sønderborg";"Rønhavegade 4"
"Mit Meddo";"6400 Sønderborg";"Kærvej 71 A"
"Sun-Day ApS";"6400 Sønderborg";"Ringgade 150"
"Callesen Sol";"6430 Nordborg";"Kirkegade 1"
"Life & Style";"6470 Sydals";"Skovsholm 1, Hørup"
"Sun2You";"6500 Vojens";"Vestergade 19"
"Sun2You";"6500 Vojens";"Østergade 12 a"
"Gram Sundhedscenter ApS";"6510 Gram";"Kongevej 35"
"Sun Zone Gram";"6510 Gram";"Kongevej 6"
"Meddo Toftlund";"6520 Toftlund";"Vestergade 28"
"Toftlund Solcenter";"6520 Toftlund";"Vestergade 28"
"Meddo";"6580 Vamdrup";"Vestergade 18"
"Andst Solcenter";"6600 Vejen";"Markdannersvej 27"
"Jobu.dk";"6600 Vejen";"Møllevej 16 a"
"Meddo Sol Vejen";"6600 Vejen";"Søndergade 1., 1."
"Meddo";"6623 Vorbasse";"Østergade 21 A"
"Meddo Rødding";"6630 Rødding";"Kongevej 52"
"Megasun";"6640 Lunderskov";"Storegade 24"
"Meddo Brørup I/S";"6650 Brørup";"Nørregade 11"
"Stationskiosken";"6670 Holsted";"Storegade 40"
"Sun2you";"6670 Holsted";"Vestergade 1"
"Meddo Gørding";"6690 Gørding";"Nørregade 1 A"
"Clubtan Sol og wellness";"6700 Esbjerg";"Strandbygade"
"Consol Solcenter";"6700 Esbjerg";"Strandbygade 71"
"Felix Fitness";"6700 Esbjerg";"Rørkjærsgade 34"
"Meddo";"6700 Esbjerg";"Kongesgade 49"
"Meddo";"6700 Esbjerg";"Storegade 85"
"Meddo";"6700 Esbjerg";"Stormgade 109"
"Tropic Sun";"6700 Esbjerg";"Nørregade 44"
"Tropic Sun";"6700 Esbjerg";"Strandbygade 42"
"Clubtan Sol og Wellness";"6710 Esbjerg V";"Vandmandens Kvarter"
"Consol Solcenter";"6710 Esbjerg V";"Ådalsparken 5"
"Meddo";"6710 Esbjerg V";"Bytoften 20"
"Kenneth Jepsen Hyldtoft";"6715 Esbjerg N";"Gl. Vardevej 171C"
"Meddo";"6715 Esbjerg N";"Tarp Byvej 51"
"Meddo";"6740 Bramming";"Storegade 39"
"Cafeens Solcenter";"6753 Agerbæk";"Storegade 20"
"Sun2you";"6753 Agerbæk";"Torvet 4"
"Meddo";"6760 Ribe";"Nørremarksvej 3 C"
"Meddo";"6771 Gredstedbro";"Vestergade 16"
"City Sol";"6780 Skærbæk";"Storegade 11"
"Meddo Skærbæk";"6780 Skærbæk";"Kirkevej 1"
"Beauty Sun";"6800 Varde";"Storegade 12 st. tv."
"Meddo";"6800 Varde";"Ribevej 9"
"Meddo";"6800 Varde";"Storegade 12"
"Salon Sus";"6800 Varde";"Agervigvej 31"
"Sol & Velvære";"6800 Varde";"Hjertingvej 1 B"
"Solcenter";"6823 Ansager";"Nørregade 25"
"Meddo";"6830 Nørre Nebel";"Bredgade 6"
"Nr. Nebel Solcenter";"6830 Nørre Nebel";"Jernbaneallé 7"
"Solarie Houstrup";"6830 Nørre Nebel";"Houstrupvej"
"Oksbøl solcenter";"6840 Oksbøl";"Østergade 14"
"Byens Solcenter i Outrup";"6855 Outrup";"Gartnervænget 29"
"MEDDO-Tistrup";"6862 Tistrup";"Thorsvej 8"
"Solcenter";"6870 Ølgod";"Industrivej 2"
"Ølgod Solcenter";"6870 Ølgod";"Torvet 10 st."
"Sun De Luxe Solcenter";"6880 Tarm";"Nygade 6"
"Sun De Luxe Solcenter";"6900 Skjern";"Bredgade 71"
"Sun De Luxe Solcenter";"6920 Videbæk";"Bredgade 45"
"Sun De Luxe Solcenter";"6920 Videbæk";"Bredgade 45"
"GigaSun";"6933 Kibæk";"Nr. Bredgade 2B"
"Beach Bowl A/S";"6950 Ringkøbing";"Lodbergsvej 36"
"Sun De Luxe Solcenter";"6950 Ringkøbing";"Søndervigvej 7"
"Hårshoppen";"6980 Tim";"Hovedgaden 16"
"Sun De Luxe Solcenter";"6990 Ulfborg";"Harbogade 2"
"Club Tan";"7000 Fredericia";"Jyllandsgade 71 A"
"Meddo Fredericia";"7000 Fredericia";"Nørrebrogade 12"
"Pluto Sol";"7000 Fredericia";"Egeskovvej 90"
"Pluto Sol";"7000 Fredericia";"Gl. Landevej 34"
"Pluto Sol";"7000 Fredericia";"Norgesgade 16"
"Pluto Sol";"7000 Fredericia";"Vejlevej 101"
"Meddo Solcenter Børkop";"7080 Børkop";"Vestergade 17"
"Shape Fitness";"7080 Børkop";"Industrivej 36"
"Clubtan Vejle";"7100 Vejle";"Vedelsgade 77 B, st."
"Consol Solcenter";"7100 Vejle";"Dæmningen 35"
"DGI-huset Vejle";"7100 Vejle";"Willy Sørensens Plads 5"
"Langelinie Solcenter";"7100 Vejle";"Langelinie 39 A"
"Meddo";"7100 Vejle";"Dalgade 1 A"
"Meddo";"7100 Vejle";"Koldingvej 17"
"Mølholmsolcenter";"7100 Vejle";"fredericiavej 69 C, st. mf."
"Tropic Sun";"7100 Vejle";"Vesterbrogade 25"
"Tropic Sun";"7100 Vejle";"Vindinggård Center 21B"
"Tropicsun";"7100 Vejle";"Vindinggård center 21"
"MEDDO";"7130 Juelsminde";"Tofteskovvej 12"
"Meddo Solcenter Juelsminde";"7130 Juelsminde";"Tofteskovvej 12"
"LS Fysioterapi & Træning";"7160 Tørring";"Kirkevej 10"
"Meddo Solcenter Tørring";"7160 Tørring";"Torvegade 98"
"Meddo Tørring";"7160 Tørring";"Torvegade 98"
"Meddo Solcenter";"7182 Bredsten";"Kirkegade 6"
"Billund Solcenter";"7190 Billund";"Bogfinkevej 6 B"
"Meddo Solcenter Billund";"7190 Billund";"Butikstorvet 7"
"Meddo";"7200 Grindsted";"Vesterbrogade 2"
"Meddo Solcenter";"7200 Grindsted";"Vestergade 69"
"Meddo";"7323 Give";"Jernbanegade 19"
"Thyregod Solcenter";"7323 Give";"Vestr Alle 12"
"Byens Førende Solcenter";"7330 Brande";"Storegade 18"
"Sunds";"7330 Brande";"Storegade 26"
"Consol Solcenter";"7400 Herning";"Jernbanegade 1"
"Consol Solcenter";"7400 Herning";"Vestergade 19"
"GigaSun";"7400 Herning";"Nr. Lindvej 8"
"Herning Svømmehal Solcenter";"7400 Herning";"Brændgårdvej 20"
"MEDDO";"7400 Herning";"Viborgvej 97"
"MegaSun";"7400 Herning";"Snebjerg Hovedgade"
"Sun De Luxe Solcenter";"7400 Herning";"Fruehøjvej 15"
"Sun De Luxe Solcenter";"7400 Herning";"Nørregade 18"
"Tropic Sun";"7400 Herning";"Silkeborgvej 2"
"Clubtan Sol & Wellness";"7430 Ikast";"Møllegade 14"
"Ikast-Brande kommune";"7430 Ikast";"Rådhusstrædet 6"
"Meddo";"7430 Ikast";"Strøget 30 A"
"Sun De Luxe Solcenter";"7430 Ikast";"Grønlandsgade 15"
"Tropic Sun";"7430 Ikast";"Strøget 8 D"
"Sunds";"7451 Sunds";"Sundshovedgade 32"
"Meddo Karise";"7470 Karup J";"Bredgade 13 D"
"Sunshine";"7470 Karup J";"Østergade 18C"
"Sun De Luxe Solcenter";"7480 Vildbjerg";"Bredgade 9 A"
"Sun De Luxe Solcenter";"7490 Aulum";"Danmarksgade 1"
"Clubtan";"7500 Holstebro";"Banetoften 2"
"Palles Solcenter";"7500 Holstebro";"Skivevej 34"
"Sun De Luxe Solcenter";"7500 Holstebro";"Døesvej 53"
"Sun De Luxe Solcenter";"7500 Holstebro";"Helgolandsgade 11"
"Sun De Luxe Solcenter";"7500 Holstebro";"Struervej 16"
"Humlum Solcenter";"7600 Struer";"Lille Øreskovveje"
"Sun De Luxe Solcenter";"7600 Struer";"Søndergade 2 B"
"Sun De Luxe Solcenter";"7620 Lemvig";"Engen 4"
"Thyborøn Solcenter";"7680 Thyborøn";"Bredgade 31"
"Consol Solcenter";"7700 Thisted";"Vestergade 48"
"Sun De Luxe Solcenter";"7700 Thisted";"Nytorv 3 A"
"Vigsø Feriecenter";"7730 Hanstholm";"Vigsø Bugt Vej 1, Vigsø"
"Hannæs Hallen";"7742 Vesløs";"Gl. Feggesundvej 29"
"Hannæs Hallen";"7742 Vesløs";"Gl. Feggesundvej 29"
"Hannes Frisørsalon v/Hanne Dahl";"7755 Bedsted Thy";"Blomstervænget 1"
"Kloster Del Sol";"7770 Vestervig";"Vestergade 3-5"
"Clubtan";"7800 Skive";"Torvegade 7 A, st."
"Clubtan Skive";"7800 Skive";"Torvegade 7 A, st."
"Consol Solcenter";"7800 Skive";"Torvegade 8"
"Meddo";"7800 Skive";"Kirke Allé 93"
"Meddo";"7800 Skive";"Østerbro 7"
"Solsikken";"7800 Skive";"Rosenbakken 10"
"Xtreme Tanning";"7800 Skive";"Kirkevej 2B"
"Sun De Luxe Solcenter";"7830 Vinderup";"Nørregade 13"
"Sun X Press Solcenter";"7860 Spøttrup";"Nørregade 13, Balling"
"Body Sun";"7870 Roslev";"Rybjergvej 4"
"Consol Solcenter";"7900 Nykøbing M";"Møgelvangs Plads"
"D3 Solcenter";"7900 Nykøbing M";"Nygade 17, st. tv."
"Luxura Sol";"7900 Nykøbing M";"Nygade 5"
"Consol Solcenter";"7950 Erslev";"Præstbrovej 319 st. tv."
"D3 Solcenter";"7950 Erslev";"Præstbrovej 136"
"ClubTan";"8000 Aarhus C";"Thorvaldsensgade 23"
"ClubTan";"8000 Aarhus C";"Thorvaldsensgade 23"
"Clubtan";"8000 Aarhus C";"Demezasvej 22"
"Clubtan";"8000 Aarhus C";"Nørregade 53"
"Clubtan";"8000 Aarhus C";"Søndergade 64"
"Clubtan Skt. Paulsgade";"8000 Aarhus C";"Skt. Paulsgade 30"
"Fitness.dk";"8000 Aarhus C";"Daugbjergvej 26"
"Meddo Aarhus";"8000 Aarhus C";"Vestre Ringgade 41"
"SunOne";"8000 Aarhus C";"Jærgergårdsgade 71"
"SunOne";"8000 Aarhus C";"Knudrisgade 27"
"Sunds";"8000 Aarhus C";"Sønderborggade 13"
"Tropic Sun";"8000 Aarhus C";"Frederiks Allé 104"
"Tropic Sun";"8000 Aarhus C";"Vesterbro Torv 7"
"Clubtan Trøjborg";"8200 Aarhus N";"Tordenskjoldsgade"
"Consol Solcenter";"8200 Aarhus N";"Funch Thomsens Gade 6"
"Sun4You Trøjborg";"8200 Aarhus N";"Steen Billes Gade 13"
"Suncare ApS";"8200 Aarhus N";"Åbogade 3"
"Tropic Sun";"8200 Aarhus N";"Randersvej 21"
"Clubtan";"8210 Aarhus V";"Viborgvej 146"
"SunOne";"8210 Aarhus V";"Frydenlunds Alle 13"
"SunOne";"8220 Brabrand";"Hovedgaden 58"
"Extreme Tanning";"8230 Åbyhøj";"Silkeborgvej 232"
"Consol Solcenter";"8240 Risskov";"Frijsenborggade"
"Egå, Kystcentret";"8250 Egå";"Kystparkvej 5"
"Re-Sun, Center Øst";"8250 Egå";"Egå Havvej 3"
"Sun Thriving Center";"8250 Egå";"Munkeparken 3"
"Consol Solcenter";"8260 Viby J";"Skanderborgvej 203"
"Fitness.dk";"8260 Viby J";"Bjørnholms Alle 4-6"
"Tropic SUN";"8260 Viby J";"Holme Ringvej 150 st. th."
"Tropic Sun";"8260 Viby J";"Ormslevvej 230-234"
"Club Tan Holme";"8270 Højbjerg";"Holme Byvej 13"
"Safari Sol";"8270 Højbjerg";"Grumstolsvej"
"Clubtan";"8300 Odder";"Holsteinsgade 11"
"Sun4You Beder";"8330 Beder";"Beder Landevej 45"
"SunOne";"8361 Hasselager";"Kolt Østervej 33"
"Consol Solcenter";"8362 Hørning";"Vesteralle 2"
"Beauty Tan Hadsten";"8370 Hadsten";"Vesselbjergvej 4, st."
"Beauty Tan Hadsten";"8370 Hadsten";"Vesselbjergvej 4, st."
"Hadsten Sol og Spraytan";"8370 Hadsten";"Søndergade 3, st."
"Meddo Tilst";"8381 Tilst";"Havkærvej 13"
"Re-Sun, Hinnerup";"8382 Hinnerup";"Storegade 5B"
"Clubtan Ebeltoft I/S";"8400 Ebeltoft";"Bryggerivej 1"
"ClubTan";"8410 Rønde";"Hovedgaden 48"
"HN Sol ApS";"8410 Rønde";"Hovedgaden 48 D"
"Consol Solcenter";"8450 Hammel";"Østergade 44"
"Supersol";"8462 Harlev J";"Cedervej 2"
"4 SUN";"8464 Galten";"Søndergade 40"
"Skovby Solcenter";"8464 Galten";"Christinedahlsvej 16"
"Re-Sun, Sabro";"8471 Sabro";"Vistoftvej 34"
"Clubtan Fuglevænget";"8500 Grenaa";"Fuglevænget 39"
"Clubtan Nørregade";"8500 Grenaa";"Nørregade 7"
"Clubtan Søndenå";"8500 Grenaa";"De Lichtenbergsvej 15"
"Tropic Sun";"8500 Grenaa";"Østergade 21"
"Tropic Sun";"8500 Grenaa";"Østergade 21"
"Tropicsun";"8500 Grenaa";"Østergade 21"
"My Sunshine";"8520 Lystrup";"Bystævnet 1 A"
"Ny Form og Velvære";"8541 Skødstrup";"Grenåvej 748a"
"Sun4You Hornslet";"8543 Hornslet";"Banevej 1A"
"Kolind Solcenter";"8560 Kolind";"Drasbeksgade"
"Clubtan Glesborg";"8585 Glesborg";"Glesborg Bygade 54"
"Consol Solcenter";"8600 Silkeborg";"Hostrupsgade 21"
"Fitness World Papirfabrikken";"8600 Silkeborg";"Papirfabrikken 22"
"Meddo";"8600 Silkeborg";"Nørretorv 10"
"Re-Sun, Silkeborg";"8600 Silkeborg";"Århusvej 22"
"Silkeborg Fitness Center A/S";"8600 Silkeborg";"Navervej 12"
"Sun4You";"8600 Silkeborg";"Frederiksberggade 17 B"
"Søholt Sol";"8600 Silkeborg";"Ansvej 44"
"Søholt Sol";"8600 Silkeborg";"Østre Alle 1"
"Tropic Sun";"8600 Silkeborg";"Hostrupsgade 36"
"Tropic Sun";"8600 Silkeborg";"Nylandsvej 53"
"Consol Solcenter";"8620 Kjellerup";"Østergade 1"
"Luxura Solcenter";"8620 Kjellerup";"Blichersvej 15"
"Club Tan";"8660 Skanderborg";"Adelgade 64A"
"Clubtan";"8660 Skanderborg";"Adelgade 64B"
"Consol Solcenter";"8660 Skanderborg";"Adelgade 114 A"
"Clubtan Horsens";"8700 Horsens";"Speldalsø Torv"
"Consol Solcenter";"8700 Horsens";"Kongensgade 12"
"Fitness World Horsens";"8700 Horsens";"Høegh Guldbergsgade 5"
"Fitness.dk";"8700 Horsens";"Emil Møllers Gade 30"
"Marcut ApS";"8700 Horsens";"Strandkærvej 87"
"Meddo Kattesund ApS";"8700 Horsens";"Svaneparken 23, Kattesund 19-21"
"Safari Sun";"8700 Horsens";"Skolebakken 16"
"Tropic Sun";"8700 Horsens";"Bjerrevej 146"
"Tropic Sun";"8700 Horsens";"Nørregade 52"
"Tropic Sun";"8700 Horsens";"Nørregade 52"
"Tropic Sun";"8700 Horsens";"Torstedalle 90"
"Tropic Sun";"8700 Horsens";"Torstedalle 90B"
"iTan";"8700 Horsens";"Allegade 1 F, 1"
"iTan";"8700 Horsens";"Ormhøjgårdvej 1, 1"
"iTan";"8700 Horsens";"Slotsgade 23, 1. th"
"Meddo solcenter Hedensted";"8722 Hedensted";"Nørrebrogade 5 A"
"Meddo Solcenter Løsning";"8723 Løsning";"Vestergade 17"
"Medde sol Hovedgård";"8732 Hovedgård";"Gl. Århusvej 59"
"Meddo Brædstrup";"8740 Brædstrup";"Rådhusgade 15"
"Meddo Brædstrup";"8740 Brædstrup";"Rådhusgade 15"
"Gedved Solcenter";"8751 Gedved";"Egebjergvej 21"
"Rask Mølle Sol";"8763 Rask Mølle";"Hovedgaden 4"
"Meddo";"8766 Nørre Snede";"Strøget 6"
"Nørre Snede Solcenter";"8766 Nørre Snede";"Strøget 6, st."
"Meddo Solcenter Hornsyld";"8783 Hornsyld";"Møllevej 37"
"Clubtan";"8800 Viborg";"Gl Randersvej 60"
"Clubtan";"8800 Viborg";"Randersvej 66 E"
"Consol Solcenter";"8800 Viborg";"Vesterbrogade 7"
"Meddo";"8800 Viborg";"Rughavevej 2 A"
"Sun De Luxe Solcenter";"8800 Viborg";"St. Sct. Mikkelsgade 21"
"Sunkiss";"8800 Viborg";"Kirkebækvej 48 st."
"Sunkiss";"8800 Viborg";"Randersvej 35"
"Tropic Sun";"8800 Viborg";"Vesterbrogade 18 a"
"Palles Solcenter";"8832 Skals";"Gl. Skolevej 9 A"
"Sun Zone";"8850 Bjerringbro";"Storegade 21"
"Sunkiss";"8850 Bjerringbro";"Nørregade 10 st. th."
"Sun Zone";"8860 Ulstrup";"Hovedgaden 36"
"Sunkiss";"8870 Langå";"Bredgade 48 st. th."
"Salon Solsikken";"8881 Thorsø";"Jernbarnegade 3"
"Byens Sol";"8882 Fårvang";"Gl. Hedevej 11"
"Den selvejende institution Gjern kultur- og Idrætscenter";"8883 Gjern";"Skovvejen 6"
"ClubTan Randers";"8900 Randers C";"Trangstræde 7"
"Consol Solcenter";"8900 Randers C";"Adelgade 19 B"
"Dark Tan Vestervold";"8900 Randers C";"Vestervold 24"
"K. A. Sol";"8900 Randers C";"Vestervold"
"K.A. Sol";"8900 Randers C";"Vestervold 24 st. th."
"Meddo";"8900 Randers C";"Hobrovej 11"
"Tropic Sun";"8900 Randers C";"Vestergade 38"
"Consol Solcenter";"8920 Randers NV";"Mariagervej 66 st."
"K.A. Sol";"8920 Randers NV";"Gl. Hobrovej"
"MiWi solcenter";"8920 Randers NV";"Østervang 4"
"SOL-Randers, Tranekærcentret";"8920 Randers NV";"Hobrovej 134"
"Statoil Servicecenter v/Magnus Madsen";"8920 Randers NV";"Hovedvejen 7"
"Meddo";"8930 Randers NØ";"Dronningborg Boulevard 93"
"Tropic Sun";"8930 Randers NØ";"Udbyhøjvej 152"
"Tropic Sun";"8940 Randers SV";"Bøsbrovej 20"
"Ørsted Solcenter";"8950 Ørsted";"Storegade 4"
"Tropic Sun";"8960 Randers SØ";"Romalt Boulevard 22B"
"Sun 39";"8961 Allingåbro";"Hovedgaden 39"
"Consol Solcenter";"8963 Auning";"Vestergade 9"
"Sun Zone";"8970 Havndal";"Østerbro 3"
"Beauty Tan Spentrup";"8981 Spentrup";"Stationsvej 2A"
"Meddo Spentrup";"8981 Spentrup";"Stationsvej 2B"
"Club Tan Aalborg";"9000 Aalborg";"Urbansgade 23 st. th."
"Consol Solcenter";"9000 Aalborg";"Danmarksgade 18"
"Luxura Sun I/S";"9000 Aalborg";"Østerbro 64"
"Sun4You Tyren";"9000 Aalborg";"Vesterbro 93"
"Tropic Sun";"9000 Aalborg";"Danmarksgade 23"
"Tropic Sun";"9000 Aalborg";"Fredericiagade 21"
"Tropic Sun";"9000 Aalborg";"Færøgade 59"
"Tropic Sun";"9000 Aalborg";"Hadsundvej 98"
"Tropic Sun";"9000 Aalborg";"Hasundvej 4"
"Tropic Sun";"9000 Aalborg";"Reberbansgade 10"
"Tropic Sun";"9000 Aalborg";"Schleppegrellsgade 61"
"Tropic Sun";"9000 Aalborg";"Vestre Alle 1"
"Vejgaard Sol";"9000 Aalborg";"Hadsundvej 14"
"Fitness.dk";"9200 Aalborg SV";"Vandmanden 5, 13"
"Tropic Sun";"9200 Aalborg SV";"Nibevej 308 B"
"Sun4You";"9210 Aalborg SØ";"C.P. Holbølls Plads 15"
"Tropic Sun";"9210 Aalborg SØ";"Gugvej 178"
"Tropic Sun";"9210 Aalborg SØ";"Mylius Erichsens Vej 92"
"Tropic Sun";"9230 Svenstrup J";"Godthåbsvej 4"
"Consol Solcenter";"9240 Nibe";"Stenvej 4"
"Klarup Sol";"9270 Klarup";"Klarupvej 83"
"Luxura Sun";"9270 Klarup";"Klarupvej 45"
"Storvorde Sol";"9280 Storvorde";"Stationsvej 5 F"
"Kongerslev Solcenter v/L. Jensen";"9293 Kongerslev";"Danmarksgade 26"
"Clubtan Sæby";"9300 Sæby";"Sophus Falcksvej 14"
"Tropic Sun";"9300 Sæby";"Søndergade 5B"
"Sun4You Vodskov";"9310 Vodskov";"Vodskovvej 35"
"Tropic Sun";"9310 Vodskov";"Vodskovvej 25 C"
"Solcenter Hjallerup";"9320 Hjallerup";"Brorsonsvej 3"
"Flauenskjold Solcenter";"9330 Dronninglund";"Ålborgvej 596"
"Sun4You Dronninglund";"9330 Dronninglund";"Slotsgade 49"
"Solen Aså";"9340 Asaa";"Skippergade 7"
"Sun4You Hals";"9370 Hals";"Midtergade 34"
"Consol Solcenter";"9400 Nørresundby";"Gl. Østergade 3 A st."
"Sun4you";"9400 Nørresundby";"Lindholmsvej 69"
"Tropic Sun";"9400 Nørresundby";"Nr. Uttrup torv 5"
"Tropic Sun";"9400 Nørresundby";"Tinghusgade 2"
"Vadum Sol";"9430 Vadum";"Ellehammersvej"
"Consol Solcenter";"9440 Aabybro";"Åbybrocentret 13 1. sal"
"Tropic Sun";"9440 Aabybro";"Østergade 3"
"E/F Tranum Klitgaard";"9460 Brovst";"Strandvejen 150"
"Grønhøj Strand ApS";"9480 Løkken";"Ingeborgvej 2"
"Sun4You Pandrup";"9490 Pandrup";"Bredgade 6A"
"Feriecenter Nordsøen";"9492 Blokhus";"Høkervej 5"
"Saltum Sol";"9493 Saltum";"Tinghøjgade 44"
"Clubtan";"9500 Hobro";"Adelgade 84"
"Hobro Helse Sport";"9500 Hobro";"H I Bies Plads 4"
"Hobro Sol";"9500 Hobro";"Adelgade 71"
"Hobro Solcenter";"9500 Hobro";"Adelgade 71"
"Salon Hårtotten";"9500 Hobro";"Hovedgaden 16"
"Frisør Merete Christensen";"9510 Arden";"Thoruphedegårdsvej 13, Arden"
"Sunlook";"9510 Arden";"Vestergade 12"
"Solhjørnet";"9520 Skørping";"Jyllandsgade 34"
"Byens Solcenter";"9530 Støvring";"Viborgvej 9"
"Consol Solcenter";"9530 Støvring";"City Centret 15"
"Consol Solcenter";"9560 Hadsund";"Himmerlandsgade 6"
"Laura Sol";"9560 Hadsund";"Storegade 13"
"Roxy Solcenter";"9560 Hadsund";"Øster Hurupvej"
"Point Sun";"9600 Aars";"Gislumvej 1 B, st."
"Solen Bymidten";"9600 Aars";"Bymidten 1 - 4"
"Tropic Sun";"9600 Aars";"Himmerlandsgade 37"
"Palles Solcenter";"9620 Aalestrup";"Borgergade 7"
"Gedsted Solcenter";"9631 Gedsted";"Østergade 6"
"Open Sun Farsø";"9640 Farsø";"Nørregade 26"
"Løgstør Solcenter";"9670 Løgstør";"Bredgade 20 B"
"Sun4You Fjerritslev";"9690 Fjerritslev";"Østergade 14"
"Suncity";"9690 Fjerritslev";"Østergade 5"
"Consol Solcenter";"9700 Brønderslev";"Arkaden 2"
"Megasun";"9700 Brønderslev";"Grønnegade 12"
"Tropic Sun";"9700 Brønderslev";"Bredgade 43"
"Tropic Sun";"9700 Brønderslev";"Bredgade 43"
"Østervrå Solcenter";"9750 Østervrå";"Hjørringvej 434"
"Solsikken";"9760 Vrå";"Mejerigade 5"
"Solsikken";"9760 Vrå";"Nørregade 5"
"Clubtan";"9800 Hjørring";"Nørrebro 34"
"Consol Solcenter";"9800 Hjørring";"Nørregade 21"
"Fitness.dk";"9800 Hjørring";"Østergade 30"
"Megasun";"9800 Hjørring";"Norgesvej 36"
"Megasun";"9800 Hjørring";"Thorsvej 58"
"Solcenter";"9800 Hjørring";"Karolinesvej 35"
"Solsikken";"9800 Hjørring";"Bispensgade 23"
"Top Sol";"9800 Hjørring";"Skagensvej 159, Hjørring"
"Top Sol";"9800 Hjørring";"Østergade 30, st. 46"
"Solsikken";"9830 Tårs";"Bredgade 53"
"Solcenter";"9850 Hirtshals";"Birkevænget 49"
"Tropic Sun";"9850 Hirtshals";"Mikkelsgade 2A"
"Clubtan Frederikshavn";"9900 Frederikshavn";"Ny Østergade 9"
"Skippers Sol";"9900 Frederikshavn";"Søndergade 133"
"Solstrålen Solcenter";"9900 Frederikshavn";"Barfredsvej 99"
"Top Sol";"9900 Frederikshavn";"Hjørringvej 143G"
"Top Sol";"9900 Frederikshavn";"Søndergade 59"
"Tropic Sun";"9900 Frederikshavn";"Barfredsvej 99"
"Tropic Sun";"9900 Frederikshavn";"Søndergade 21B"
"Øens Sol";"9940 Læsø";"Doktorvejen 14"
"Solstrålen Solcenter";"9990 Skagen";"Sct. Launtii Vej 118"
"Solstrålen Solcenter";"9990 Skagen";"Skagavej 106"
"Tropic Sun";"9990 Skagen";"Sct. Laurentii Vej 118 st."
"Tropic Sun";"9990 Skagen";"Skagavej 109"
